Workbook

Sheet rawdata
A1: STATE_NAME | B1: Lg_Dist_Code | C1: DISTRICT_NAME | D1: MICRO_MANUFACTURING | E1: SMALL_MANUFACTURING | F1: MEDIUM_MANUFACTURING | G1: TOTAL_MANUFACTURING | H1: MICRO_SERVICE | I1: SMALL_SERVICE | J1: MEDIUM_SERVICE | K1: TOTAL_SERVICE | L1: TOTAL
A2: ANDHRA PRADESH | B2: 745 | C2: Alluri Sitharama Raju | D2: 1418 | E2: 4 | F2: 0 | G2: 1422 | H2: 405 | I2: 5 | J2: 0 | K2: 410 | L2: 1832
A3: ANDHRA PRADESH | B3: 744 | C3: Anakapalli | D3: 7908 | E3: 86 | F3: 2 | G3: 7996 | H3: 2875 | I3: 26 | J3: 2 | K3: 2903 | L3: 10899
A4: ANDHRA PRADESH | B4: 502 | C4: ANANTHAPUR | D4: 33925 | E4: 633 | F4: 24 | G4: 34582 | H4: 10470 | I4: 358 | J4: 32 | K4: 10860 | L4: 45442
A5: ANDHRA PRADESH | B5: 753 | C5: Annamayya | D5: 9035 | E5: 96 | F5: 4 | G5: 9135 | H5: 2986 | I5: 19 | J5: 0 | K5: 3005 | L5: 12140
A6: ANDHRA PRADESH | B6: 750 | C6: Bapatla | D6: 8631 | E6: 92 | F6: 1 | G6: 8724 | H6: 2206 | I6: 23 | J6: 3 | K6: 2232 | L6: 10956
A7: ANDHRA PRADESH | B7: 503 | C7: CHITOOR | D7: 26870 | E7: 692 | F7: 28 | G7: 27590 | H7: 8756 | I7: 359 | J7: 37 | K7: 9152 | L7: 36742
A8: ANDHRA PRADESH | B8: 505 | C8: EAST GODAVARI | D8: 34655 | E8: 1213 | F8: 85 | G8: 35953 | H8: 9961 | I8: 648 | J8: 96 | K8: 10705 | L8: 46658
A9: ANDHRA PRADESH | B9: 748 | C9: Eluru | D9: 11597 | E9: 133 | F9: 5 | G9: 11735 | H9: 2636 | I9: 58 | J9: 3 | K9: 2697 | L9: 14432
A10: ANDHRA PRADESH | B10: 506 | C10: GUNTUR | D10: 37169 | E10: 1255 | F10: 90 | G10: 38514 | H10: 10154 | I10: 1336 | J10: 157 | K10: 11647 | L10: 50161
A11: ANDHRA PRADESH | B11: 746 | C11: Kakinada | D11: 11978 | E11: 153 | F11: 10 | G11: 12141 | H11: 2608 | I11: 48 | J11: 2 | K11: 2658 | L11: 14799
A12: ANDHRA PRADESH | B12: 747 | C12: Konaseema | D12: 9654 | E12: 130 | F12: 5 | G12: 9789 | H12: 3148 | I12: 31 | J12: 6 | K12: 3185 | L12: 12974
A13: ANDHRA PRADESH | B13: 510 | C13: KRISHNA | D13: 41521 | E13: 1732 | F13: 129 | G13: 43382 | H13: 11711 | I13: 908 | J13: 101 | K13: 12720 | L13: 56102
A14: ANDHRA PRADESH | B14: 511 | C14: KURNOOL | D14: 31673 | E14: 736 | F14: 31 | G14: 32440 | H14: 6286 | I14: 307 | J14: 34 | K14: 6627 | L14: 39067
A15: ANDHRA PRADESH | B15: 755 | C15: Nandyal | D15: 11085 | E15: 115 | F15: 2 | G15: 11202 | H15: 1975 | I15: 22 | J15: 1 | K15: 1998 | L15: 13200
A16: ANDHRA PRADESH | B16: 749 | C16: NTR | D16: 14001 | E16: 200 | F16: 8 | G16: 14209 | H16: 3842 | I16: 71 | J16: 7 | K16: 3920 | L16: 18129
A17: ANDHRA PRADESH | B17: 751 | C17: Palnadu | D17: 10047 | E17: 111 | F17: 1 | G17: 10159 | H17: 2012 | I17: 48 | J17: 2 | K17: 2062 | L17: 12221
A18: ANDHRA PRADESH | B18: 743 | C18: Parvathipuram Manyam | D18: 2525 | E18: 28 | F18: 1 | G18: 2554 | H18: 525 | I18: 14 | J18: 0 | K18: 539 | L18: 3093
A19: ANDHRA PRADESH | B19: 517 | C19: PRAKASAM | D19: 26333 | E19: 624 | F19: 16 | G19: 26973 | H19: 7151 | I19: 389 | J19: 45 | K19: 7585 | L19: 34558
A20: ANDHRA PRADESH | B20: 515 | C20: SPSR NELLORE | D20: 30251 | E20: 819 | F20: 45 | G20: 31115 | H20: 7996 | I20: 467 | J20: 49 | K20: 8512 | L20: 39627
A21: ANDHRA PRADESH | B21: 754 | C21: Sri Sathya Sai | D21: 7968 | E21: 66 | F21: 2 | G21: 8036 | H21: 5523 | I21: 38 | J21: 1 | K21: 5562 | L21: 13598
A22: ANDHRA PRADESH | B22: 519 | C22: SRIKAKULAM | D22: 15977 | E22: 397 | F22: 10 | G22: 16384 | H22: 4833 | I22: 221 | J22: 15 | K22: 5069 | L22: 21453
A23: ANDHRA PRADESH | B23: 752 | C23: Tirupati | D23: 13134 | E23: 130 | F23: 6 | G23: 13270 | H23: 4176 | I23: 43 | J23: 4 | K23: 4223 | L23: 17493
A24: ANDHRA PRADESH | B24: 520 | C24: VISAKHAPATNAM | D24: 40901 | E24: 1648 | F24: 124 | G24: 42673 | H24: 8279 | I24: 660 | J24: 110 | K24: 9049 | L24: 51722
A25: ANDHRA PRADESH | B25: 521 | C25: VIZIANAGARAM | D25: 15833 | E25: 322 | F25: 8 | G25: 16163 | H25: 3197 | I25: 155 | J25: 20 | K25: 3372 | L25: 19535
A26: ANDHRA PRADESH | B26: 523 | C26: WEST GODAVARI | D26: 34147 | E26: 1338 | F26: 126 | G26: 35611 | H26: 7794 | I26: 696 | J26: 76 | K26: 8566 | L26: 44177
A27: ANDHRA PRADESH | B27: 504 | C27: Y.S.R | D27: 25101 | E27: 608 | F27: 13 | G27: 25722 | H27: 5845 | I27: 282 | J27: 22 | K27: 6149 | L27: 31871
A28: ARUNACHAL PRADESH | B28: 628 | C28: ANJAW | D28: 56 | E28: 0 | F28: 0 | G28: 56 | H28: 21 | I28: 0 | J28: 0 | K28: 21 | L28: 77
A29: ARUNACHAL PRADESH | B29: 229 | C29: CHANGLANG | D29: 324 | E29: 4 | F29: 0 | G29: 328 | H29: 309 | I29: 12 | J29: 0 | K29: 321 | L29: 649
A30: ARUNACHAL PRADESH | B30: 230 | C30: DIBANG VALLEY | D30: 54 | E30: 1 | F30: 0 | G30: 55 | H30: 13 | I30: 0 | J30: 0 | K30: 13 | L30: 68
A31: ARUNACHAL PRADESH | B31: 231 | C31: EAST KAMENG | D31: 151 | E31: 5 | F31: 0 | G31: 156 | H31: 61 | I31: 0 | J31: 0 | K31: 61 | L31: 217
A32: ARUNACHAL PRADESH | B32: 232 | C32: EAST SIANG | D32: 424 | E32: 10 | F32: 0 | G32: 434 | H32: 159 | I32: 7 | J32: 0 | K32: 166 | L32: 600
A33: ARUNACHAL PRADESH | B33: 718 | C33: KAMLE | D33: 70 | E33: 0 | F33: 0 | G33: 70 | H33: 38 | I33: 0 | J33: 0 | K33: 38 | L33: 108
A34: ARUNACHAL PRADESH | B34: 677 | C34: KRA DAADI | D34: 65 | E34: 0 | F34: 0 | G34: 65 | H34: 28 | I34: 1 | J34: 0 | K34: 29 | L34: 94
A35: ARUNACHAL PRADESH | B35: 233 | C35: KURUNG KUMEY | D35: 85 | E35: 1 | F35: 0 | G35: 86 | H35: 30 | I35: 0 | J35: 0 | K35: 30 | L35: 116
A36: ARUNACHAL PRADESH | B36: 724 | C36: LEPARADA | D36: 70 | E36: 0 | F36: 0 | G36: 70 | H36: 26 | I36: 0 | J36: 0 | K36: 26 | L36: 96
A37: ARUNACHAL PRADESH | B37: 234 | C37: LOHIT | D37: 304 | E37: 6 | F37: 0 | G37: 310 | H37: 133 | I37: 7 | J37: 0 | K37: 140 | L37: 450
A38: ARUNACHAL PRADESH | B38: 666 | C38: LONGDING | D38: 75 | E38: 3 | F38: 0 | G38: 78 | H38: 35 | I38: 0 | J38: 0 | K38: 35 | L38: 113
A39: ARUNACHAL PRADESH | B39: 235 | C39: LOWER DIBANG VALLEY | D39: 255 | E39: 4 | F39: 0 | G39: 259 | H39: 88 | I39: 2 | J39: 0 | K39: 90 | L39: 349
A40: ARUNACHAL PRADESH | B40: 719 | C40: LOWER SIANG | D40: 59 | E40: 1 | F40: 0 | G40: 60 | H40: 42 | I40: 2 | J40: 0 | K40: 44 | L40: 104
A41: ARUNACHAL PRADESH | B41: 236 | C41: LOWER SUBANSIRI | D41: 437 | E41: 8 | F41: 1 | G41: 446 | H41: 336 | I41: 1 | J41: 0 | K41: 337 | L41: 783
A42: ARUNACHAL PRADESH | B42: 678 | C42: NAMSAI | D42: 316 | E42: 2 | F42: 0 | G42: 318 | H42: 148 | I42: 2 | J42: 0 | K42: 150 | L42: 468
A43: ARUNACHAL PRADESH | B43: 723 | C43: PAKKE KESSANG | D43: 28 | E43: 0 | F43: 0 | G43: 28 | H43: 16 | I43: 0 | J43: 0 | K43: 16 | L43: 44
A44: ARUNACHAL PRADESH | B44: 237 | C44: PAPUM PARE | D44: 2638 | E44: 105 | F44: 10 | G44: 2753 | H44: 902 | I44: 39 | J44: 6 | K44: 947 | L44: 3700
A45: ARUNACHAL PRADESH | B45: 725 | C45: SHI YOMI | D45: 26 | E45: 0 | F45: 0 | G45: 26 | H45: 4 | I45: 0 | J45: 0 | K45: 4 | L45: 30
A46: ARUNACHAL PRADESH | B46: 679 | C46: SIANG | D46: 46 | E46: 0 | F46: 0 | G46: 46 | H46: 26 | I46: 1 | J46: 1 | K46: 28 | L46: 74
A47: ARUNACHAL PRADESH | B47: 238 | C47: TAWANG | D47: 244 | E47: 5 | F47: 0 | G47: 249 | H47: 96 | I47: 3 | J47: 1 | K47: 100 | L47: 349
A48: ARUNACHAL PRADESH | B48: 239 | C48: TIRAP | D48: 103 | E48: 2 | F48: 0 | G48: 105 | H48: 44 | I48: 2 | J48: 0 | K48: 46 | L48: 151
A49: ARUNACHAL PRADESH | B49: 240 | C49: UPPER SIANG | D49: 64 | E49: 3 | F49: 0 | G49: 67 | H49: 34 | I49: 1 | J49: 0 | K49: 35 | L49: 102
A50: ARUNACHAL PRADESH | B50: 241 | C50: UPPER SUBANSIRI | D50: 220 | E50: 6 | F50: 0 | G50: 226 | H50: 58 | I50: 0 | J50: 0 | K50: 58 | L50: 284
A51: ARUNACHAL PRADESH | B51: 242 | C51: WEST KAMENG | D51: 623 | E51: 7 | F51: 0 | G51: 630 | H51: 136 | I51: 8 | J51: 0 | K51: 144 | L51: 774
A52: ARUNACHAL PRADESH | B52: 243 | C52: WEST SIANG | D52: 269 | E52: 8 | F52: 0 | G52: 277 | H52: 95 | I52: 6 | J52: 0 | K52: 101 | L52: 378
A53: ASSAM | B53: 739 | C53: BAJALI | D53: 719 | E53: 8 | F53: 0 | G53: 727 | H53: 345 | I53: 1 | J53: 0 | K53: 346 | L53: 1073
A54: ASSAM | B54: 616 | C54: BAKSA | D54: 4115 | E54: 26 | F54: 2 | G54: 4143 | H54: 2245 | I54: 10 | J54: 1 | K54: 2256 | L54: 6399
A55: ASSAM | B55: 280 | C55: BARPETA | D55: 9840 | E55: 162 | F55: 8 | G55: 10010 | H55: 6752 | I55: 45 | J55: 1 | K55: 6798 | L55: 16808
A56: ASSAM | B56: 705 | C56: Biswanath | D56: 3879 | E56: 49 | F56: 2 | G56: 3930 | H56: 2004 | I56: 27 | J56: 0 | K56: 2031 | L56: 5961
A57: ASSAM | B57: 281 | C57: BONGAIGAON | D57: 4481 | E57: 120 | F57: 8 | G57: 4609 | H57: 1948 | I57: 20 | J57: 1 | K57: 1969 | L57: 6578
A58: ASSAM | B58: 282 | C58: CACHAR | D58: 18093 | E58: 269 | F58: 18 | G58: 18380 | H58: 7159 | I58: 86 | J58: 5 | K58: 7250 | L58: 25630
A59: ASSAM | B59: 708 | C59: CHARAIDEO | D59: 2658 | E59: 30 | F59: 1 | G59: 2689 | H59: 1139 | I59: 19 | J59: 1 | K59: 1159 | L59: 3848
A60: ASSAM | B60: 612 | C60: CHIRANG | D60: 2646 | E60: 47 | F60: 4 | G60: 2697 | H60: 1202 | I60: 19 | J60: 1 | K60: 1222 | L60: 3919
A61: ASSAM | B61: 283 | C61: DARRANG | D61: 10111 | E61: 144 | F61: 1 | G61: 10256 | H61: 2589 | I61: 26 | J61: 4 | K61: 2619 | L61: 12875
A62: ASSAM | B62: 284 | C62: DHEMAJI | D62: 4916 | E62: 69 | F62: 1 | G62: 4986 | H62: 3434 | I62: 23 | J62: 0 | K62: 3457 | L62: 8443
A63: ASSAM | B63: 285 | C63: DHUBRI | D63: 7106 | E63: 123 | F63: 6 | G63: 7235 | H63: 3434 | I63: 27 | J63: 1 | K63: 3462 | L63: 10697
A64: ASSAM | B64: 286 | C64: DIBRUGARH | D64: 11949 | E64: 269 | F64: 13 | G64: 12231 | H64: 4148 | I64: 137 | J64: 3 | K64: 4288 | L64: 16519
A65: ASSAM | B65: 299 | C65: DIMA HASAO | D65: 1046 | E65: 10 | F65: 0 | G65: 1056 | H65: 510 | I65: 6 | J65: 1 | K65: 517 | L65: 1573
A66: ASSAM | B66: 287 | C66: GOALPARA | D66: 5945 | E66: 104 | F66: 5 | G66: 6054 | H66: 2555 | I66: 22 | J66: 0 | K66: 2577 | L66: 8631
A67: ASSAM | B67: 288 | C67: GOLAGHAT | D67: 7970 | E67: 129 | F67: 4 | G67: 8103 | H67: 3087 | I67: 82 | J67: 2 | K67: 3171 | L67: 11274
A68: ASSAM | B68: 289 | C68: HAILAKANDI | D68: 4719 | E68: 36 | F68: 2 | G68: 4757 | H68: 1865 | I68: 16 | J68: 1 | K68: 1882 | L68: 6639
A69: ASSAM | B69: 709 | C69: HOJAI | D69: 5242 | E69: 100 | F69: 2 | G69: 5344 | H69: 1844 | I69: 15 | J69: 1 | K69: 1860 | L69: 7204
A70: ASSAM | B70: 290 | C70: JORHAT | D70: 8566 | E70: 240 | F70: 14 | G70: 8820 | H70: 3306 | I70: 110 | J70: 9 | K70: 3425 | L70: 12245
A71: ASSAM | B71: 291 | C71: KAMRUP | D71: 13114 | E71: 261 | F71: 18 | G71: 13393 | H71: 8959 | I71: 188 | J71: 24 | K71: 9171 | L71: 22564
A72: ASSAM | B72: 618 | C72: KAMRUP METRO | D72: 26970 | E72: 1809 | F72: 195 | G72: 28974 | H72: 7348 | I72: 531 | J72: 96 | K72: 7975 | L72: 36949
A73: ASSAM | B73: 292 | C73: KARBI-ANGELONG | D73: 2967 | E73: 47 | F73: 0 | G73: 3014 | H73: 1140 | I73: 17 | J73: 2 | K73: 1159 | L73: 4173
A74: ASSAM | B74: 293 | C74: KARIMGANJ | D74: 7643 | E74: 140 | F74: 1 | G74: 7784 | H74: 2436 | I74: 28 | J74: 2 | K74: 2466 | L74: 10250
A75: ASSAM | B75: 294 | C75: KOKRAJHAR | D75: 4782 | E75: 72 | F75: 4 | G75: 4858 | H75: 2623 | I75: 14 | J75: 2 | K75: 2639 | L75: 7497
A76: ASSAM | B76: 295 | C76: LAKHIMPUR | D76: 7926 | E76: 139 | F76: 9 | G76: 8074 | H76: 4179 | I76: 35 | J76: 4 | K76: 4218 | L76: 12292
A77: ASSAM | B77: 706 | C77: MAJULI | D77: 1079 | E77: 7 | F77: 0 | G77: 1086 | H77: 415 | I77: 0 | J77: 0 | K77: 415 | L77: 1501
A78: ASSAM | B78: 296 | C78: MARIGAON | D78: 5887 | E78: 68 | F78: 2 | G78: 5957 | H78: 2576 | I78: 21 | J78: 0 | K78: 2597 | L78: 8554
A79: ASSAM | B79: 297 | C79: NAGAON | D79: 12341 | E79: 235 | F79: 10 | G79: 12586 | H79: 5391 | I79: 96 | J79: 7 | K79: 5494 | L79: 18080
A80: ASSAM | B80: 298 | C80: NALBARI | D80: 8531 | E80: 82 | F80: 2 | G80: 8615 | H80: 7527 | I80: 26 | J80: 2 | K80: 7555 | L80: 16170
A81: ASSAM | B81: 300 | C81: SIVASAGAR | D81: 8094 | E81: 179 | F81: 8 | G81: 8281 | H81: 3048 | I81: 51 | J81: 2 | K81: 3101 | L81: 11382
A82: ASSAM | B82: 301 | C82: SONITPUR | D82: 10014 | E82: 156 | F82: 16 | G82: 10186 | H82: 4118 | I82: 81 | J82: 3 | K82: 4202 | L82: 14388
A83: ASSAM | B83: 707 | C83: SOUTH SALMARA MANCACHAR | D83: 742 | E83: 11 | F83: 0 | G83: 753 | H83: 360 | I83: 3 | J83: 0 | K83: 363 | L83: 1116
A84: ASSAM | B84: 756 | C84: TAMULPUR | D84: 325 | E84: 2 | F84: 0 | G84: 327 | H84: 144 | I84: 1 | J84: 0 | K84: 145 | L84: 472
A85: ASSAM | B85: 302 | C85: TINSUKIA | D85: 11798 | E85: 271 | F85: 9 | G85: 12078 | H85: 4116 | I85: 159 | J85: 3 | K85: 4278 | L85: 16356
A86: ASSAM | B86: 617 | C86: UDALGURI | D86: 4731 | E86: 43 | F86: 0 | G86: 4774 | H86: 2445 | I86: 37 | J86: 0 | K86: 2482 | L86: 7256
A87: ASSAM | B87: 710 | C87: WEST KARBI ANGLONG | D87: 504 | E87: 1 | F87: 0 | G87: 505 | H87: 269 | I87: 0 | J87: 0 | K87: 269 | L87: 774
A88: BIHAR | B88: 188 | C88: ARARIA | D88: 15393 | E88: 325 | F88: 13 | G88: 15731 | H88: 4815 | I88: 57 | J88: 6 | K88: 4878 | L88: 20609
A89: BIHAR | B89: 611 | C89: ARWAL | D89: 2904 | E89: 40 | F89: 0 | G89: 2944 | H89: 1027 | I89: 12 | J89: 0 | K89: 1039 | L89: 3983
A90: BIHAR | B90: 189 | C90: AURANGABAD | D90: 13054 | E90: 227 | F90: 4 | G90: 13285 | H90: 4857 | I90: 67 | J90: 2 | K90: 4926 | L90: 18211
A91: BIHAR | B91: 190 | C91: BANKA | D91: 10159 | E91: 93 | F91: 1 | G91: 10253 | H91: 3973 | I91: 28 | J91: 1 | K91: 4002 | L91: 14255
A92: BIHAR | B92: 191 | C92: BEGUSARAI | D92: 19577 | E92: 346 | F92: 14 | G92: 19937 | H92: 7385 | I92: 96 | J92: 14 | K92: 7495 | L92: 27432
A93: BIHAR | B93: 192 | C93: BHAGALPUR | D93: 22936 | E93: 385 | F93: 16 | G93: 23337 | H93: 8842 | I93: 80 | J93: 7 | K93: 8929 | L93: 32266
A94: BIHAR | B94: 193 | C94: BHOJPUR | D94: 12457 | E94: 250 | F94: 7 | G94: 12714 | H94: 4201 | I94: 67 | J94: 3 | K94: 4271 | L94: 16985
A95: BIHAR | B95: 194 | C95: BUXAR | D95: 8437 | E95: 156 | F95: 4 | G95: 8597 | H95: 2914 | I95: 42 | J95: 5 | K95: 2961 | L95: 11558
A96: BIHAR | B96: 195 | C96: DARBHANGA | D96: 21421 | E96: 384 | F96: 15 | G96: 21820 | H96: 6468 | I96: 50 | J96: 7 | K96: 6525 | L96: 28345
A97: BIHAR | B97: 196 | C97: GAYA | D97: 23045 | E97: 458 | F97: 17 | G97: 23520 | H97: 11111 | I97: 125 | J97: 6 | K97: 11242 | L97: 34762
A98: BIHAR | B98: 197 | C98: GOPALGANJ | D98: 12580 | E98: 199 | F98: 9 | G98: 12788 | H98: 6312 | I98: 35 | J98: 5 | K98: 6352 | L98: 19140
A99: BIHAR | B99: 198 | C99: JAMUI | D99: 9331 | E99: 123 | F99: 1 | G99: 9455 | H99: 3142 | I99: 19 | J99: 2 | K99: 3163 | L99: 12618
A100: BIHAR | B100: 199 | C100: JEHANABAD | D100: 5344 | E100: 72 | F100: 2 | G100: 5418 | H100: 1839 | I100: 22 | J100: 1 | K100: 1862 | L100: 7280
...

Sheet topdistricts
A1: STATE_NAME | B1: Lg_Dist_Code | C1: DISTRICT_NAME | D1: MICRO_MANUFACTURING | E1: SMALL_MANUFACTURING | F1: MEDIUM_MANUFACTURING | G1: TOTAL_MANUFACTURING | H1: MICRO_SERVICE | I1: SMALL_SERVICE | J1: MEDIUM_SERVICE | K1: TOTAL_SERVICE | L1: TOTAL
A2: MAHARASHTRA | B2: 490 | C2: PUNE | D2: 429047 | E2: 7334 | F2: 643 | G2: 437024 | H2: 115383 | I2: 5846 | J2: 783 | K2: 122012 | L2: 559036
A3: MAHARASHTRA | B3: 497 | C3: THANE | D3: 309088 | E3: 5423 | F3: 482 | G3: 314993 | H3: 80367 | I3: 4680 | J3: 481 | K3: 85528 | L3: 400521
A4: GUJARAT | B4: 438 | C4: AHMADABAD | D4: 207426 | E4: 6654 | F4: 721 | G4: 214801 | H4: 106460 | I4: 9241 | J4: 1133 | K4: 116834 | L4: 331635
A5: KARNATAKA | B5: 525 | C5: BENGALURU (URBAN) | D5: 229054 | E5: 9380 | F5: 1026 | G5: 239460 | H5: 82038 | I5: 5976 | J5: 779 | K5: 88793 | L5: 328253
A6: RAJASTHAN | B6: 102 | C6: JAIPUR | D6: 203924 | E6: 4451 | F6: 411 | G6: 208786 | H6: 104443 | I6: 4701 | J6: 477 | K6: 109621 | L6: 318407
A7: GUJARAT | B7: 459 | C7: SURAT | D7: 143826 | E7: 3836 | F7: 340 | G7: 148002 | H7: 152193 | I7: 11605 | J7: 876 | K7: 164674 | L7: 312676
A8: MAHARASHTRA | B8: 483 | C8: MUMBAI SUBURBAN | D8: 215296 | E8: 5760 | F8: 853 | G8: 221909 | H8: 62011 | I8: 3976 | J8: 613 | K8: 66600 | L8: 288509
A9: TAMIL NADU | B9: 568 | C9: CHENNAI | D9: 196042 | E9: 6882 | F9: 770 | G9: 203694 | H9: 47972 | I9: 3608 | J9: 488 | K9: 52068 | L9: 255762
A10: MAHARASHTRA | B10: 482 | C10: MUMBAI | D10: 176085 | E10: 8538 | F10: 1431 | G10: 186054 | H10: 56602 | I10: 6509 | J10: 1323 | K10: 64434 | L10: 250488
A11: MAHARASHTRA | B11: 487 | C11: NASHIK | D11: 136487 | E11: 2421 | F11: 146 | G11: 139054 | H11: 40167 | I11: 1697 | J11: 201 | K11: 42065 | L11: 181119
A12: TAMIL NADU | B12: 569 | C12: COIMBATORE | D12: 106750 | E12: 2322 | F12: 193 | G12: 109265 | H12: 57104 | I12: 3485 | J12: 408 | K12: 60997 | L12: 170262
A13: MAHARASHTRA | B13: 484 | C13: NAGPUR | D13: 122446 | E13: 2719 | F13: 263 | G13: 125428 | H13: 35485 | I13: 1688 | J13: 255 | K13: 37428 | L13: 162856
... A197: ANDHRA PRADESH | B197: 504 | C197: Y.S.R | D197: 25101 | E197: 608 | F197: 13 | G197: 25722 | H197: 5845 | I197: 282 | J197: 22 | K197: 6149 | L197: 31871
A198: UTTAR PRADESH | B198: 123 | C198: AZAMGARH | D198: 24851 | E198: 348 | F198: 12 | G198: 25211 | H198: 6596 | I198: 50 | J198: 0 | K198: 6646 | L198: 31857
A199: WEST BENGAL | B199: 704 | C199: PASCHIM BARDHAMAN | D199: 25406 | E199: 885 | F199: 62 | G199: 26353 | H199: 4993 | I199: 249 | J199: 42 | K199: 5284 | L199: 31637
A200: JAMMU AND KASHMIR | B200: 2 | C200: BUDGAM | D200: 16419 | E200: 94 | F200: 2 | G200: 16515 | H200: 14942 | I200: 50 | J200: 2 | K200: 14994 | L200: 31509
A201: GUJARAT | B201: 451 | C201: MAHESANA | D201: 21821 | E201: 892 | F201: 68 | G201: 22781 | H201: 7004 | I201: 1103 | J201: 226 | K201: 8333 | L201: 31114
A202: HARYANA | B202: 74 | C202: SIRSA | D202: 22845 | E202: 500 | F202: 35 | G202: 23380 | H202: 6932 | I202: 247 | J202: 49 | K202: 7228 | L202: 30608
A203: MAHARASHTRA | B203: 498 | C203: WARDHA | D203: 22626 | E203: 245 | F203: 9 | G203: 22880 | H203: 7468 | I203: 163 | J203: 75 | K203: 7706 | L203: 30586
A204: TAMIL NADU | B204: 585 | C204: SIVAGANGA | D204: 23630 | E204: 208 | F204: 5 | G204: 23843 | H204: 6554 | I204: 107 | J204: 13 | K204: 6674 | L204: 30517
A205: TELANGANA | B205: 508 | C205: KARIMNAGAR | D205: 23358 | E205: 398 | F205: 14 | G205: 23770 | H205: 6446 | I205: 265 | J205: 21 | K205: 6732 | L205: 30502
A206: HARYANA | B206: 66 | C206: KAITHAL | D206: 22946 | E206: 355 | F206: 11 | G206: 23312 | H206: 6840 | I206: 284 | J206: 48 | K206: 7172 | L206: 30484
A207: MADHYA PRADESH | B207: 403 | C207: DHAR | D207: 23727 | E207: 411 | F207: 24 | G207: 24162 | H207: 5874 | I207: 351 | J207: 69 | K207: 6294 | L207: 30456
A208: KARNATAKA | B208: 528 | C208: BALLARI | D208: 24378 | E208: 779 | F208: 56 | G208: 25213 | H208: 4817 | I208: 356 | J208: 56 | K208: 5229 | L208: 30442
A209: KARNATAKA | B209: 549 | C209: UDUPI | D209: 22767 | E209: 432 | F209: 17 | G209: 23216 | H209: 6690 | I209: 348 | J209: 39 | K209: 7077 | L209: 30293
A210: KARNATAKA | B210: 530 | C210: VIJAYAPURA | D210: 23880 | E210: 525 | F210: 31 | G210: 24436 | H210: 5626 | I210: 165 | J210: 15 | K210: 5806 | L210: 30242
... A218: HARYANA | B218: 65 | C218: JIND | D218: 21284 | E218: 461 | F218: 20 | G218: 21765 | H218: 6728 | I218: 270 | J218: 24 | K218: 7022 | L218: 28787
A219: BIHAR | B219: 206 | C219: MADHUBANI | D219: 21311 | E219: 280 | F219: 7 | G219: 21598 | H219: 7112 | I219: 44 | J219: 0 | K219: 7156 | L219: 28754
A220: UTTAR PRADESH | B220: 146 | C220: GHAZIPUR | D220: 21976 | E220: 240 | F220: 4 | G220: 22220 | H220: 6346 | I220: 53 | J220: 2 | K220: 6401 | L220: 28621
A221: BIHAR | B221: 195 | C221: DARBHANGA | D221: 21421 | E221: 384 | F221: 15 | G221: 21820 | H221: 6468 | I221: 50 | J221: 7 | K221: 6525 | L221: 28345
A222: KARNATAKA | B222: 550 | C222: UTTAR KANNAD | D222: 21851 | E222: 285 | F222: 7 | G222: 22143 | H222: 5993 | I222: 122 | J222: 4 | K222: 6119 | L222: 28262
A223: CHHATTISGARH | B223: 375 | C223: BILASPUR | D223: 21662 | E223: 631 | F223: 41 | G223: 22334 | H223: 5354 | I223: 253 | J223: 42 | K223: 5649 | L223: 27983
A224: PUNJAB | B224: 32 | C224: GURDASPUR | D224: 21194 | E224: 307 | F224: 15 | G224: 21516 | H224: 6178 | I224: 169 | J224: 10 | K224: 6357 | L224: 27873
A225: TAMIL NADU | B225: 583 | C225: RAMANATHAPURAM | D225: 20768 | E225: 187 | F225: 5 | G225: 20960 | H225: 6799 | I225: 94 | J225: 6 | K225: 6899 | L225: 27859
A226: RAJASTHAN | B226: 112 | C226: RAJSAMAND | D226: 18478 | E226: 194 | F226: 4 | G226: 18676 | H226: 8791 | I226: 228 | J226: 4 | K226: 9023 | L226: 27699
A227: PUNJAB | B227: 38 | C227: MOGA | D227: 20348 | E227: 282 | F227: 8 | G227: 20638 | H227: 6895 | I227: 114 | J227: 14 | K227: 7023 | L227: 27661
A228: BIHAR | B228: 191 | C228: BEGUSARAI | D228: 19577 | E228: 346 | F228: 14 | G228: 19937 | H228: 7385 | I228: 96 | J228: 14 | K228: 7495 | L228: 27432
A229: KERALA | B229: 560 | C229: KOTTAYAM | D229: 19222 | E229: 705 | F229: 38 | G229: 19965 | H229: 7036 | I229: 297 | J229: 43 | K229: 7376 | L229: 27341
A230: MADHYA PRADESH | B230: 423 | C230: RATLAM | D230: 20997 | E230: 385 | F230: 17 | G230: 21399 | H230: 5504 | I230: 247 | J230: 30 | K230: 5781 | L230: 27180
A231: KARNATAKA | B231: 524 | C231: BAGALKOT | D231: 19348 | E231: 338 | F231: 9 | G231: 19695 | H231: 7297 | I231: 133 | J231: 10 | K231: 7440 | L231: 27135
... A238: WEST BENGAL | B238: 309 | C238: DARJEELING | D238: 21377 | E238: 1018 | F238: 63 | G238: 22458 | H238: 3971 | I238: 295 | J238: 24 | K238: 4290 | L238: 26748
A239: MAHARASHTRA | B239: 495 | C239: SINDHUDURG | D239: 17897 | E239: 121 | F239: 0 | G239: 18018 | H239: 8464 | I239: 71 | J239: 2 | K239: 8537 | L239: 26555
A240: GUJARAT | B240: 448 | C240: JUNAGADH | D240: 19100 | E240: 412 | F240: 16 | G240: 19528 | H240: 6440 | I240: 539 | J240: 45 | K240: 7024 | L240: 26552
A241: BIHAR | B241: 218 | C241: SARAN | D241: 19102 | E241: 315 | F241: 9 | G241: 19426 | H241: 6766 | I241: 35 | J241: 2 | K241: 6803 | L241: 26229
A242: PUDUCHERRY | B242: 600 | C242: PONDICHERRY | D242: 20498 | E242: 376 | F242: 32 | G242: 20906 | H242: 4936 | I242: 288 | J242: 35 | K242: 5259 | L242: 26165
A243: TAMIL NADU | B243: 576 | C243: KARUR | D243: 16465 | E243: 286 | F243: 13 | G243: 16764 | H243: 8944 | I243: 396 | J243: 26 | K243: 9366 | L243: 26130
A244: GOA | B244: 551 | C244: NORTH GOA | D244: 21143 | E244: 498 | F244: 40 | G244: 21681 | H244: 4026 | I244: 253 | J244: 32 | K244: 4311 | L244: 25992
A245: UTTAR PRADESH | B245: 150 | C245: HARDOI | D245: 20198 | E245: 284 | F245: 8 | G245: 20490 | H245: 5294 | I245: 93 | J245: 10 | K245: 5397 | L245: 25887
A246: KARNATAKA | B246: 538 | C246: KALABURAGI | D246: 20623 | E246: 507 | F246: 29 | G246: 21159 | H246: 4464 | I246: 242 | J246: 18 | K246: 4724 | L246: 25883
A247: RAJASTHAN | B247: 97 | C247: DAUSA | D247: 17778 | E247: 202 | F247: 7 | G247: 17987 | H247: 7711 | I247: 107 | J247: 4 | K247: 7822 | L247: 25809
A248: BIHAR | B248: 211 | C248: PASHCHIM CHAMPARAN | D248: 19442 | E248: 291 | F248: 4 | G248: 19737 | H248: 5873 | I248: 73 | J248: 1 | K248: 5947 | L248: 25684
A249: ASSAM | B249: 282 | C249: CACHAR | D249: 18093 | E249: 269 | F249: 18 | G249: 18380 | H249: 7159 | I249: 86 | J249: 5 | K249: 7250 | L249: 25630
A250: MADHYA PRADESH | B250: 425 | C250: SAGAR | D250: 19835 | E250: 367 | F250: 14 | G250: 20216 | H250: 5192 | I250: 119 | J250: 11 | K250: 5322 | L250: 25538
A251: TAMIL NADU | B251: 731 | C251: Ranipet | D251: 16614 | E251: 112 | F251: 2 | G251: 16728 | H251: 8681 | I251: 70 | J251: 1 | K251: 8752 | L251: 25480
... A296: HIMACHAL PRADESH | B296: 18 | C296: KANGRA | D296: 17573 | E296: 341 | F296: 16 | G296: 17930 | H296: 3381 | I296: 119 | J296: 15 | K296: 3515 | L296: 21445
A297: TAMIL NADU | B297: 732 | C297: Tirupathur | D297: 14307 | E297: 66 | F297: 0 | G297: 14373 | H297: 6987 | I297: 44 | J297: 2 | K297: 7033 | L297: 21406
A298: UTTAR PRADESH | B298: 174 | C298: PRATAPGARH | D298: 16366 | E298: 262 | F298: 6 | G298: 16634 | H298: 4657 | I298: 29 | J298: 1 | K298: 4687 | L298: 21321
A299: RAJASTHAN | B299: 105 | C299: JHALAWAR | D299: 16320 | E299: 264 | F299: 5 | G299: 16589 | H299: 4560 | I299: 91 | J299: 5 | K299: 4656 | L299: 21245
A300: GUJARAT | B300: 453 | C300: NAVSARI | D300: 14404 | E300: 264 | F300: 10 | G300: 14678 | H300: 6168 | I300: 291 | J300: 23 | K300: 6482 | L300: 21160
A301: HARYANA | B301: 61 | C301: FATEHABAD | D301: 15634 | E301: 343 | F301: 11 | G301: 15988 | H301: 4875 | I301: 180 | J301: 26 | K301: 5081 | L301: 21069
A302: WEST BENGAL | B302: 308 | C302: COOCHBEHAR | D302: 15657 | E302: 315 | F302: 8 | G302: 15980 | H302: 4896 | I302: 47 | J302: 4 | K302: 4947 | L302: 20927
A303: KARNATAKA | B303: 542 | C303: KOLAR | D303: 16262 | E303: 354 | F303: 15 | G303: 16631 | H303: 4058 | I303: 207 | J303: 24 | K303: 4289 | L303: 20920
A304: TAMIL NADU | B304: 579 | C304: NAGAPATTINAM | D304: 16240 | E304: 133 | F304: 0 | G304: 16373 | H304: 4399 | I304: 45 | J304: 1 | K304: 4445 | L304: 20818
A305: UTTAR PRADESH | B305: 132 | C305: BIJNOR | D305: 14751 | E305: 334 | F305: 10 | G305: 15095 | H305: 5543 | I305: 124 | J305: 7 | K305: 5674 | L305: 20769
A306: UTTARAKHAND | B306: 51 | C306: NAINITAL | D306: 16187 | E306: 405 | F306: 20 | G306: 16612 | H306: 3892 | I306: 203 | J306: 5 | K306: 4100 | L306: 20712
A307: TELANGANA | B307: 691 | C307: SANGAREDDY | D307: 15812 | E307: 311 | F307: 7 | G307: 16130 | H307: 4094 | I307: 328 | J307: 70 | K307: 4492 | L307: 20622
A308: BIHAR | B308: 188 | C308: ARARIA | D308: 15393 | E308: 325 | F308: 13 | G308: 15731 | H308: 4815 | I308: 57 | J308: 6 | K308: 4878 | L308: 20609
A309: UTTAR PRADESH | B309: 170 | C309: MIRZAPUR | D309: 14069 | E309: 253 | F309: 11 | G309: 14333 | H309: 6057 | I309: 106 | J309: 8 | K309: 6171 | L309: 20504
A310: UTTAR PRADESH | B310: 183 | C310: SITAPUR | D310: 15837 | E310: 324 | F310: 3 | G310: 16164 | H310: 4231 | I310: 98 | J310: 10 | K310: 4339 | L310: 20503
A311: UTTAR PRADESH | B311: 160 | C311: KUSHINAGAR | D311: 16105 | E311: 285 | F311: 15 | G311: 16405 | H311: 3991 | I311: 39 | J311: 2 | K311: 4032 | L311: 20437
A312: UTTAR PRADESH | B312: 126 | C312: BALLIA | D312: 15447 | E312: 267 | F312: 7 | G312: 15721 | H312: 4349 | I312: 44 | J312: 4 | K312: 4397 | L312: 20118
A313: UTTAR PRADESH | B313: 661 | C313: HAPUR | D313: 13689 | E313: 287 | F313: 12 | G313: 13988 | H313: 5733 | I313: 327 | J313: 31 | K313: 6091 | L313: 20079
A314: ODISHA | B314: 356 | C314: JAJAPUR | D314: 15240 | E314: 415 | F314: 22 | G314: 15677 | H314: 4262 | I314: 90 | J314: 13 | K314: 4365 | L314: 20042
A315: UTTAR PRADESH | B315: 124 | C315: BAGHPAT | D315: 14005 | E315: 108 | F315: 3 | G315: 14116 | H315: 5817 | I315: 80 | J315: 6 | K315: 5903 | L315: 20019
A316: UTTAR PRADESH | B316: 176 | C316: RAMPUR | D316: 13812 | E316: 237 | F316: 12 | G316: 14061 | H316: 5537 | I316: 245 | J316: 9 | K316: 5791 | L316: 19852
... A354: TELANGANA | B354: 692 | C354: SIDDIPET | D354: 13558 | E354: 195 | F354: 10 | G354: 13763 | H354: 3217 | I354: 158 | J354: 12 | K354: 3387 | L354: 17150
A355: PUNJAB | B355: 609 | C355: TARN TARAN | D355: 12248 | E355: 127 | F355: 0 | G355: 12375 | H355: 4662 | I355: 33 | J355: 5 | K355: 4700 | L355: 17075
A356: UTTAR PRADESH | B356: 121 | C356: AMBEDAKAR NAGAR | D356: 11302 | E356: 188 | F356: 4 | G356: 11494 | H356: 5493 | I356: 76 | J356: 3 | K356: 5572 | L356: 17066
A357: MAHARASHTRA | B357: 486 | C357: NANDURBAR | D357: 13181 | E357: 223 | F357: 5 | G357: 13409 | H357: 3535 | I357: 91 | J357: 12 | K357: 3638 | L357: 17047
A358: ODISHA | B358: 365 | C358: MAYURBHANJ | D358: 13013 | E358: 252 | F358: 5 | G358: 13270 | H358: 3686 | I358: 70 | J358: 2 | K358: 3758 | L358: 17028
A359: GOA | B359: 552 | C359: SOUTH GOA | D359: 13624 | E359: 365 | F359: 18 | G359: 14007 | H359: 2781 | I359: 202 | J359: 32 | K359: 3015 | L359: 17022
A360: UTTAR PRADESH | B360: 173 | C360: PILIBHIT | D360: 10762 | E360: 162 | F360: 4 | G360: 10928 | H360: 5958 | I360: 106 | J360: 4 | K360: 6068 | L360: 16996
A361: BIHAR | B361: 193 | C361: BHOJPUR | D361: 12457 | E361: 250 | F361: 7 | G361: 12714 | H361: 4201 | I361: 67 | J361: 3 | K361: 4271 | L361: 16985
A362: MANIPUR | B362: 256 | C362: IMPHAL WEST | D362: 9216 | E362: 222 | F362: 15 | G362: 9453 | H362: 7464 | I362: 66 | J362: 0 | K362: 7530 | L362: 16983
A363: PUNJAB | B363: 30 | C363: FATEHGARH SAHIB | D363: 11744 | E363: 797 | F363: 117 | G363: 12658 | H363: 3688 | I363: 409 | J363: 195 | K363: 4292 | L363: 16950
A364: UTTAR PRADESH | B364: 179 | C364: BHADOHI | D364: 10114 | E364: 140 | F364: 2 | G364: 10256 | H364: 6483 | I364: 95 | J364: 3 | K364: 6581 | L364: 16837
A365: UTTAR PRADESH | B365: 131 | C365: BASTI | D365: 13101 | E365: 285 | F365: 14 | G365: 13400 | H365: 3369 | I365: 52 | J365: 6 | K365: 3427 | L365: 16827
A366: PUNJAB | B366: 29 | C366: FARIDKOT | D366: 12368 | E366: 181 | F366: 4 | G366: 12553 | H366: 4160 | I366: 86 | J366: 19 | K366: 4265 | L366: 16818
A367: KERALA | B367: 564 | C367: PATHANAMTHIPTA | D367: 12488 | E367: 306 | F367: 17 | G367: 12811 | H367: 3926 | I367: 74 | J367: 5 | K367: 4005 | L367: 16816
A368: ASSAM | B368: 280 | C368: BARPETA | D368: 9840 | E368: 162 | F368: 8 | G368: 10010 | H368: 6752 | I368: 45 | J368: 1 | K368: 6798 | L368: 16808
A369: KERALA | B369: 558 | C369: KASARAGOD | D369: 11514 | E369: 260 | F369: 10 | G369: 11784 | H369: 4843 | I369: 129 | J369: 10 | K369: 4982 | L369: 16766
A370: UTTAR PRADESH | B370: 163 | C370: HATHRAS | D370: 10471 | E370: 220 | F370: 14 | G370: 10705 | H370: 5857 | I370: 192 | J370: 12 | K370: 6061 | L370: 16766
A371: UTTAR PRADESH | B371: 186 | C371: UNNAO | D371: 12622 | E371: 215 | F371: 3 | G371: 12840 | H371: 3799 | I371: 72 | J371: 13 | K371: 3884 | L371: 16724
A372: HARYANA | B372: 619 | C372: PALWAL | D372: 13243 | E372: 296 | F372: 6 | G372: 13545 | H372: 2894 | I372: 169 | J372: 28 | K372: 3091 | L372: 16636
A373: RAJASTHAN | B373: 113 | C373: SAWAI MADHOPUR | D373: 12681 | E373: 209 | F373: 6 | G373: 12896 | H373: 3665 | I373: 53 | J373: 0 | K373: 3718 | L373: 16614
A374: HIMACHAL PRADESH | B374: 23 | C374: SHIMLA | D374: 14118 | E374: 265 | F374: 13 | G374: 14396 | H374: 2105 | I374: 56 | J374: 3 | K374: 2164 | L374: 16560
A375: MADHYA PRADESH | B375: 419 | C375: NEEMUCH | D375: 13131 | E375: 197 | F375: 10 | G375: 13338 | H375: 3061 | I375: 140 | J375: 15 | K375: 3216 | L375: 16554
A376: JAMMU AND KASHMIR | B376: 626 | C376: GANDERBAL | D376: 8589 | E376: 39 | F376: 2 | G376: 8630 | H376: 7915 | I376: 7 | J376: 1 | K376: 7923 | L376: 16553
A377: ASSAM | B377: 286 | C377: DIBRUGARH | D377: 11949 | E377: 269 | F377: 13 | G377: 12231 | H377: 4148 | I377: 137 | J377: 3 | K377: 4288 | L377: 16519
...

Sheet Sheet2
A2: ANDHRA PRADESH
A3: ARUNACHAL PRADESH
A4: ASSAM
A5: BIHAR
A6: CHHATTISGARH
A7: GOA
A8: GUJARAT
A9: HARYANA
A10: HIMACHAL PRADESH
A11: JHARKHAND
A12: KARNATAKA
A13: KERALA
... A37: THE DADRA AND NAGAR HAVELI AND DAMAN AND DIU

Sheet dashboard
A1: msme sector analysis dashboard - india
A3: total msmes in india | B3: total manufacturing msmes | C3: total service msmes
A4: =SUM(rawdata!L:L) -> 21180783 | B4: =SUM(rawdata!G:G) -> 15627666 | C4: =SUM(rawdata!K:K) -> 5553117
E5: manufacturing | F5: service
E6: =B4 -> 15627666 | F6: =C4 -> 5553117

Sheet analysis
A1: state | B1: total msme | C1: total manufacturing | D1: total service | E1: manufacturing vs service ratio
A2: MAHARASHTRA | B2: =SUMIF(rawdata!A:A,A2,rawdata!L:L) -> 3670797 | C2: =SUMIF(rawdata!A:A,A2,rawdata!G:G) -> 2831118 | D2: =SUMIF(rawdata!A:A,A2,rawdata!K:K) -> 839679 | E2: =C2/B2 -> 0.77125431
A3: TAMIL NADU | B3: =SUMIF(rawdata!A:A,A3,rawdata!L:L) -> 2147720 | C3: =SUMIF(rawdata!A:A,A3,rawdata!G:G) -> 1511001 | D3: =SUMIF(rawdata!A:A,A3,rawdata!K:K) -> 636719 | E3: =C3/B3 -> 0.70353724
A4: UTTAR PRADESH | B4: =SUMIF(rawdata!A:A,A4,rawdata!L:L) -> 2001698 | C4: =SUMIF(rawdata!A:A,A4,rawdata!G:G) -> 1440711 | D4: =SUMIF(rawdata!A:A,A4,rawdata!K:K) -> 560987 | E4: =C4/B4 -> 0.71974444
A5: RAJASTHAN | B5: =SUMIF(rawdata!A:A,A5,rawdata!L:L) -> 1540402 | C5: =SUMIF(rawdata!A:A,A5,rawdata!G:G) -> 1088374 | D5: =SUMIF(rawdata!A:A,A5,rawdata!K:K) -> 452028 | E5: =C5/B5 -> 0.70655193
A6: GUJARAT | B6: =SUMIF(rawdata!A:A,A6,rawdata!L:L) -> 1536720 | C6: =SUMIF(rawdata!A:A,A6,rawdata!G:G) -> 990727 | D6: =SUMIF(rawdata!A:A,A6,rawdata!K:K) -> 545993 | E6: =C6/B6 -> 0.64470235
A7: KARNATAKA | B7: =SUMIF(rawdata!A:A,A7,rawdata!L:L) -> 1195371 | C7: =SUMIF(rawdata!A:A,A7,rawdata!G:G) -> 908686 | D7: =SUMIF(rawdata!A:A,A7,rawdata!K:K) -> 286685 | E7: =C7/B7 -> 0.76017069
A8: MADHYA PRADESH | B8: =SUMIF(rawdata!A:A,A8,rawdata!L:L) -> 994877 | C8: =SUMIF(rawdata!A:A,A8,rawdata!G:G) -> 782706 | D8: =SUMIF(rawdata!A:A,A8,rawdata!K:K) -> 212171 | E8: =C8/B8 -> 0.78673645
A9: BIHAR | B9: =SUMIF(rawdata!A:A,A9,rawdata!L:L) -> 868351 | C9: =SUMIF(rawdata!A:A,A9,rawdata!G:G) -> 648522 | D9: =SUMIF(rawdata!A:A,A9,rawdata!K:K) -> 219829 | E9: =C9/B9 -> 0.74684315
A10: WEST BENGAL | B10: =SUMIF(rawdata!A:A,A10,rawdata!L:L) -> 835442 | C10: =SUMIF(rawdata!A:A,A10,rawdata!G:G) -> 607107 | D10: =SUMIF(rawdata!A:A,A10,rawdata!K:K) -> 228335 | E10: =C10/B10 -> 0.72668958
A11: PUNJAB | B11: =SUMIF(rawdata!A:A,A11,rawdata!L:L) -> 795588 | C11: =SUMIF(rawdata!A:A,A11,rawdata!G:G) -> 577252 | D11: =SUMIF(rawdata!A:A,A11,rawdata!K:K) -> 218336 | E11: =C11/B11 -> 0.7255665
A12: TELANGANA | B12: =SUMIF(rawdata!A:A,A12,rawdata!L:L) -> 725691 | C12: =SUMIF(rawdata!A:A,A12,rawdata!G:G) -> 573841 | D12: =SUMIF(rawdata!A:A,A12,rawdata!K:K) -> 151850 | E12: =C12/B12 -> 0.79075116
A13: HARYANA | B13: =SUMIF(rawdata!A:A,A13,rawdata!L:L) -> 709631 | C13: =SUMIF(rawdata!A:A,A13,rawdata!G:G) -> 530289 | D13: =SUMIF(rawdata!A:A,A13,rawdata!K:K) -> 179342 | E13: =C13/B13 -> 0.74727429
A14: ANDHRA PRADESH | B14: =SUMIF(rawdata!A:A,A14,rawdata!L:L) -> 672881 | C14: =SUMIF(rawdata!A:A,A14,rawdata!G:G) -> 527474 | D14: =SUMIF(rawdata!A:A,A14,rawdata!K:K) -> 145407 | E14: =C14/B14 -> 0.78390384 | F14: =EXACT(A14,MSME_UDYAM[[#This Row],[STATE_NAME]]) -> TRUE
A15: DELHI | B15: =SUMIF(rawdata!A:A,A15,rawdata!L:L) -> 529253 | C15: =SUMIF(rawdata!A:A,A15,rawdata!G:G) -> 368468 | D15: =SUMIF(rawdata!A:A,A15,rawdata!K:K) -> 160785 | E15: =C15/B15 -> 0.69620389
A16: KERALA | B16: =SUMIF(rawdata!A:A,A16,rawdata!L:L) -> 499787 | C16: =SUMIF(rawdata!A:A,A16,rawdata!G:G) -> 360218 | D16: =SUMIF(rawdata!A:A,A16,rawdata!K:K) -> 139569 | E16: =C16/B16 -> 0.72074304
A17: ODISHA | B17: =SUMIF(rawdata!A:A,A17,rawdata!L:L) -> 458522 | C17: =SUMIF(rawdata!A:A,A17,rawdata!G:G) -> 359582 | D17: =SUMIF(rawdata!A:A,A17,rawdata!K:K) -> 98940 | E17: =C17/B17 -> 0.78421973
A18: JHARKHAND | B18: =SUMIF(rawdata!A:A,A18,rawdata!L:L) -> 358717 | C18: =SUMIF(rawdata!A:A,A18,rawdata!G:G) -> 288053 | D18: =SUMIF(rawdata!A:A,A18,rawdata!K:K) -> 70664 | E18: =C18/B18 -> 0.80300906
A19: ASSAM | B19: =SUMIF(rawdata!A:A,A19,rawdata!L:L) -> 356090 | C19: =SUMIF(rawdata!A:A,A19,rawdata!G:G) -> 247272 | D19: =SUMIF(rawdata!A:A,A19,rawdata!K:K) -> 108818 | E19: =C19/B19 -> 0.69440872
A20: JAMMU AND KASHMIR | B20: =SUMIF(rawdata!A:A,A20,rawdata!L:L) -> 354271 | C20: =SUMIF(rawdata!A:A,A20,rawdata!G:G) -> 256972 | D20: =SUMIF(rawdata!A:A,A20,rawdata!K:K) -> 97299 | E20: =C20/B20 -> 0.72535432
A21: CHHATTISGARH | B21: =SUMIF(rawdata!A:A,A21,rawdata!L:L) -> 294358 | C21: =SUMIF(rawdata!A:A,A21,rawdata!G:G) -> 240827 | D21: =SUMIF(rawdata!A:A,A21,rawdata!K:K) -> 53531 | E21: =C21/B21 -> 0.81814321
A22: UTTARAKHAND | B22: =SUMIF(rawdata!A:A,A22,rawdata!L:L) -> 203203 | C22: =SUMIF(rawdata!A:A,A22,rawdata!G:G) -> 161703 | D22: =SUMIF(rawdata!A:A,A22,rawdata!K:K) -> 41500 | E22: =C22/B22 -> 0.79577073
A23: HIMACHAL PRADESH | B23: =SUMIF(rawdata!A:A,A23,rawdata!L:L) -> 123947 | C23: =SUMIF(rawdata!A:A,A23,rawdata!G:G) -> 102786 | D23: =SUMIF(rawdata!A:A,A23,rawdata!K:K) -> 21161 | E23: =C23/B23 -> 0.8292738
A24: MANIPUR | B24: =SUMIF(rawdata!A:A,A24,rawdata!L:L) -> 56349 | C24: =SUMIF(rawdata!A:A,A24,rawdata!G:G) -> 29992 | D24: =SUMIF(rawdata!A:A,A24,rawdata!K:K) -> 26357 | E24: =C24/B24 -> 0.53225434
A25: TRIPURA | B25: =SUMIF(rawdata!A:A,A25,rawdata!L:L) -> 43866 | C25: =SUMIF(rawdata!A:A,A25,rawdata!G:G) -> 30312 | D25: =SUMIF(rawdata!A:A,A25,rawdata!K:K) -> 13554 | E25: =C25/B25 -> 0.69101354
A26: GOA | B26: =SUMIF(rawdata!A:A,A26,rawdata!L:L) -> 43014 | C26: =SUMIF(rawdata!A:A,A26,rawdata!G:G) -> 35688 | D26: =SUMIF(rawdata!A:A,A26,rawdata!K:K) -> 7326 | E26: =C26/B26 -> 0.82968336
... A37: LAKSHADWEEP | B37: =SUMIF(rawdata!A:A,A37,rawdata!L:L) -> 732 | C37: =SUMIF(rawdata!A:A,A37,rawdata!G:G) -> 620 | D37: =SUMIF(rawdata!A:A,A37,rawdata!K:K) -> 112 | E37: =C37/B37 -> 0.84699454
A40: top 10 distrtic by total msme
A41: district | B41: state | C41: total msme
